Rank,Link text
1,hostel brikette
2,sito web
3,http hostel positano com
4,brikette hostel
5,more about this room
6,hostel positano com
7,(empty)
8,learn more
9,open the site in a new tab
10,ostello brikette
11,www hostel positano com
12,x
13,home
14,hostel brikette in positano
15,نزل بريكيت hostel brikette
16,هاستل بریکت
17,布里克特旅舍
18,布里克特青年旅館 hostel brikette
19,호스텔 브리켓
20,hostel
21,hostel brikette positano here
22,positano hostel brikette
23,sito
24,testimonianza cliente hotel
25,this
26,visit website
27,visita hostel brikette
28,website url
29,assistance
30,careers
31,deals
32,rooms